Ref,Contract,Person,Proposition,Quote(s) offered,Refusal reason the verifier gave,CODE grade,CODE basis
R1,PO9,Ashley Stroud,Is this person aware of the politics in the organisation?,"• I know Steve, it's very important to Steve that we advance this and given the opportunity that MCP provides
• Steve and Patrick, and then I think Elizabeth might have some input here in terms of, you know, in terms of, it's not training per se, but the messaging.","quantity: Span mentions Steve's preferences and MCP opportunity, but does not assert awareness of organisational politics.",WRONGLY_REFUSED,"Least confident of the seven. Naming who holds the priority, and who else has input, is awareness of how this organisation decides. The verifier wanted the words to ASSERT awareness rather than demonstrate it. Low stakes either way: PO9 places nobody, and the pair survived on its other span."
R2,S5,Adam Meloan,"Is this person mentoring you by providing guidance, political insight, or competitive information?","• is Steve, Steve's having a lot of these kind of like leader meetings, isn't he?
• I'd say Chris, Steve, and Patrick start there and then they can kind of bring the right people in","quantity: Span names people to start and suggests ability to bring right people in, but does not assert providing guidance, political insight, or competitive information.",WRONGLY_REFUSED,"'I'd say Chris, Steve, and Patrick start there and then they can bring the right people in' tells the seller who to approach and in what order, and the other span tracks where the leadership conversations are happening. Political insight by any reading. Same failure as Ashley's S5."
R3,S5,Ashley Stroud,"Is this person mentoring you by providing guidance, political insight, or competitive information?","• I know Steve, it's very important to Steve that we advance this and given the opportunity that MCP provides
• Steve and Patrick, and then I think Elizabeth might have some input here in terms of, you know, in terms of, it's not training per se, but the messaging.
• let me talk, I'll talk to Steve about that, and let's not plan on it, but that might be, there might be a window for a commercial","quantity: Span identifies key people and their input on messaging, but does not establish providing guidance, political insight, or competitive information to the speaker.",WRONGLY_REFUSED,"She names who must be brought in (Steve, Patrick, Elizabeth on messaging) and offers to work Steve and flag a commercial window. That is political insight and guidance handed to the seller, which is exactly what the proposition asks for. This is the neutral guard eating advocacy, which §P8.9 now forbids."
R4,PS4,Adam Meloan,Does this person control the outcomes or are they called on to make it happen?,"• those are all internal conversations we need to have from a prioritization standpoint
• That needs to go to Scott and Matt and Brian. Like that's Matt, that was a very specific ask from Matt last week. So I just want to make sure we keep that moving.","quantity: Span shows responding to Matt's request and ensuring items move forward, but this is execution within others' direction, not controlling outcomes.",RIGHTLY_REFUSED,"Correct on the STRONG side: routing a specific ask from Matt is not controlling outcomes. But the refusal names the weak side outright, 'execution within others' direction', which IS 'called on to make it happen' and places Political Structure. Under the old single two-sided contract that had nowhere to go."
R5,PS4,Ashley Stroud,Does this person control the outcomes or are they called on to make it happen?,"• let me let me jump in. I'll jump into sandbox and see and say, let's point to Dominion as an example.","quantity: Span shows offering to investigate and provide an example, indicating some initiative but not controlling outcomes decisively.",RIGHTLY_REFUSED,"Weakest of the four two-sided refusals. Offering to jump into sandbox and build an example is initiative, not control, and arguably not 'called on to make it happen' either. Strong-side refusal correct; weak-side placement marginal."
R6,PS4,Robbin Jones,Does this person control the outcomes or are they called on to make it happen?,"• any Altify install, we don't have to go through security because it already passed
• Ask for resources with DNIT because it's a part of our like release plan.
• I'll send a message and make sure they keep everybody on here like up to date on what they're actually doing","quantity: Span shows sending messages and ensuring updates, indicating coordination activity but not controlling outcomes in a decisive way.",RIGHTLY_REFUSED,"Same shape as Adam's PS4. 'Coordination activity but not controlling outcomes' is the weak side, described in the refusal itself. Strong side correctly refused; the placement the words support was unrecordable."
R7,PO2,Robbin Jones,"Does this person approve and sponsor initiatives, or do they execute projects after they are approved?",• Ask for resources with DNIT because it's a part of our like release plan.,"quantity: Span indicates executing within a release plan by asking for resources, not approving or sponsoring initiatives.",RIGHTLY_REFUSED,"The clearest of the seven. 'Ask for resources ... because it's part of our release plan' is executing within an approved plan, which is PO2's weak side almost verbatim, and the refusal says so. Strong side correctly refused; weak side placed nobody because the contract could not carry it."
