Ref,Contract,Person,Proposition,Quote(s) offered,Refusal reason the verifier gave,Grade (rightly-refused / wrongly-refused),Notes
R1,PO9,Ashley Stroud,Is this person aware of the politics in the organisation?,"• I know Steve, it's very important to Steve that we advance this and given the opportunity that MCP provides
• Steve and Patrick, and then I think Elizabeth might have some input here in terms of, you know, in terms of, it's not training per se, but the messaging.","quantity: Span mentions Steve's preferences and MCP opportunity, but does not assert awareness of organisational politics.",,
R2,S5,Adam Meloan,"Is this person mentoring you by providing guidance, political insight, or competitive information?","• is Steve, Steve's having a lot of these kind of like leader meetings, isn't he?
• I'd say Chris, Steve, and Patrick start there and then they can kind of bring the right people in","quantity: Span names people to start and suggests ability to bring right people in, but does not assert providing guidance, political insight, or competitive information.",,
R3,S5,Ashley Stroud,"Is this person mentoring you by providing guidance, political insight, or competitive information?","• I know Steve, it's very important to Steve that we advance this and given the opportunity that MCP provides
• Steve and Patrick, and then I think Elizabeth might have some input here in terms of, you know, in terms of, it's not training per se, but the messaging.
• let me talk, I'll talk to Steve about that, and let's not plan on it, but that might be, there might be a window for a commercial","quantity: Span identifies key people and their input on messaging, but does not establish providing guidance, political insight, or competitive information to the speaker.",,
R4,PS4,Adam Meloan,Does this person control the outcomes or are they called on to make it happen?,"• those are all internal conversations we need to have from a prioritization standpoint
• That needs to go to Scott and Matt and Brian. Like that's Matt, that was a very specific ask from Matt last week. So I just want to make sure we keep that moving.","quantity: Span shows responding to Matt's request and ensuring items move forward, but this is execution within others' direction, not controlling outcomes.",,
R5,PS4,Ashley Stroud,Does this person control the outcomes or are they called on to make it happen?,"• let me let me jump in. I'll jump into sandbox and see and say, let's point to Dominion as an example.","quantity: Span shows offering to investigate and provide an example, indicating some initiative but not controlling outcomes decisively.",,
R6,PS4,Robbin Jones,Does this person control the outcomes or are they called on to make it happen?,"• any Altify install, we don't have to go through security because it already passed
• Ask for resources with DNIT because it's a part of our like release plan.
• I'll send a message and make sure they keep everybody on here like up to date on what they're actually doing","quantity: Span shows sending messages and ensuring updates, indicating coordination activity but not controlling outcomes in a decisive way.",,
R7,PO2,Robbin Jones,"Does this person approve and sponsor initiatives, or do they execute projects after they are approved?",• Ask for resources with DNIT because it's a part of our like release plan.,"quantity: Span indicates executing within a release plan by asking for resources, not approving or sponsoring initiatives.",,
