ALTF__Contact__r.Name,ALTF__Buyer_Role__c,ALTF__Political__c,ALTF__Status__c,ALTF__Coverage__c,ALTF__Note__c
Dana Okafor,,,Supporter,Multiple contacts,"Support: Supporter - dana, 18 August 2026"
Karen Lindqvist,Decision Maker,Inner Circle,Supporter,Multiple contacts,"Support: Supporter - karen, 18 August 2026
Political: Inner Circle - karen, 18 August 2026
Buyer Role: Decision Maker - karen, 18 August 2026
Also established, outranked by Decision Maker: Approver, Evaluator - karen, 18 August 2026"
Marcus Reyes,Evaluator,,Supporter,Multiple contacts,"Buyer Role: Evaluator - marcus, 18 August 2026"
Tomas Reyes,Approver,,Supporter,Brief contact,"Support: Supporter - tomas, 18 August 2026
Buyer Role: Approver - tomas, 18 August 2026
Also established, outranked by Approver: Evaluator - tomas, 18 August 2026"
Raj Patel,Evaluator,Political Structure,Supporter,Multiple contacts,"Support: Supporter - raj, 18 August 2026"
Priya Nair,Evaluator,,Supporter,Brief contact,"Support: Supporter - priya, 18 August 2026
Buyer Role: Evaluator - priya, 18 August 2026"
